<?xml version="1.0" encoding="UTF-8"?>
<?xml-stylesheet type = "text/xsl" href = "Employee1.xsl"?>

<class>   
   <employee id = "101">  
      <firstname>Aryan</firstname>   
      <lastname>Gupta</lastname>   
      <nickname>Raju</nickname>   
      <salary>30000</salary>  
   </employee>   
   <employee id = "102">   
      <firstname>Sara</firstname>   
      <lastname>Khan</lastname>   
      <nickname>Zoya</nickname>   
      <salary>50</salary>  
   </employee>   
   <employee id = "103">   
      <firstname>Peter</firstname>   
      <lastname>Symon</lastname>   
      <nickname>John</nickname>   
      <salary>1000</salary>   
   </employee>   
</class>  